model,accuracy,f1_macro,f1_weighted,train_time
LinearSVM,0.9311111111111111,0.9314573008690655,0.9314573008690654,1.7808611392974854
MultinomialNB,0.8977777777777778,0.8989017943966093,0.8989017943966093,0.016980648040771484
LogisticRegression,0.8955555555555555,0.8969189404515233,0.8969189404515233,0.656498908996582
KNN,0.8044444444444444,0.805982770488854,0.8059827704888541,0.025003910064697266
